{
  "_meta": {
    "template_version": 0
  },
  "fixtures": [
    {
      "name": "product",
      "path": "/v1/products",
      "method": "post",
      "params": {
          "name": "myproduct",
          "description": "(created by Stripe CLI)"
      }
    },
    {
      "name": "price",
      "path": "/v1/prices",
      "method": "post",
      "params": {
        "product": "${product:id}",
        "unit_amount": "1500",
        "currency": "usd"
      }
    },
    {
      "name": "checkout_session",
      "path": "/v1/checkout/sessions",
      "method": "post",
      "params": {
        "success_url": "https://httpbin.org/post",
        "cancel_url": "https://httpbin.org/post",
        "mode": "payment",
        "line_items": [
          {
            "price": "${price:id}",
            "quantity": 2
          }
        ]
      }
    },
    {
      "name": "checkout_session_expired",
      "path": "/v1/checkout/sessions/${checkout_session:id}/expire",
      "method": "post"
    }
  ]
}
