{
  "_meta": {
    "template_version": 0
  },
  "fixtures": [
    {
      "name": "customer",
      "path": "/v1/customers",
      "method": "post",
      "params": {
        "email": "bob@example.com",
        "description": "(created by Stripe CLI)"
      }
    },
    {
      "name": "invoiceitem",
      "path": "/v1/invoiceitems",
      "method": "post",
      "params": {
        "amount": 2000,
        "currency": "usd",
        "customer": "${customer:id}",
        "description": "(created by Stripe CLI)"
      }
    },
    {
      "name": "invoice",
      "path": "/v1/invoices",
      "method": "post",
      "params": {
        "customer": "${customer:id}",
        "description": "(created by Stripe CLI)",
        "pending_invoice_items_behavior": "include",
        "collection_method": "send_invoice",
        "days_until_due": 7
      }
    },
    {
      "name": "invoice_send",
      "path": "/v1/invoices/${invoice:id}/send",
      "method": "post"
    }
  ]
}
